{
    "process_features_model_1_pred_0": 3.4603312015533447,
    "predict_and_compile_model_1_pred_0": 218.8078293800354,
    "predict_benchmark_model_1_pred_0": 28.380431413650513,
    "process_features_model_2_pred_0": 1.9027996063232422,
    "predict_and_compile_model_2_pred_0": 210.23365688323975,
    "predict_benchmark_model_2_pred_0": 25.954703092575073,
    "process_features_model_3_pred_0": 2.417086601257324,
    "predict_and_compile_model_3_pred_0": 189.9907751083374,
    "predict_benchmark_model_3_pred_0": 28.74522042274475,
    "process_features_model_4_pred_0": 1.6713435649871826,
    "predict_and_compile_model_4_pred_0": 174.14439630508423,
    "predict_benchmark_model_4_pred_0": 28.754034996032715,
    "process_features_model_5_pred_0": 1.58024001121521,
    "predict_and_compile_model_5_pred_0": 172.83400750160217,
    "predict_benchmark_model_5_pred_0": 25.88059091567993,
    "relax_model_5_pred_0": 10.079371929168701
}