{
    "process_features_model_1_pred_0": 11.696727514266968,
    "predict_and_compile_model_1_pred_0": 810.593724489212,
    "predict_benchmark_model_1_pred_0": 808.2185220718384,
    "process_features_model_2_pred_0": 8.739553689956665,
    "predict_and_compile_model_2_pred_0": 728.2631299495697,
    "predict_benchmark_model_2_pred_0": 728.8027045726776,
    "process_features_model_3_pred_0": 8.213255882263184,
    "predict_and_compile_model_3_pred_0": 769.8547751903534,
    "predict_benchmark_model_3_pred_0": 768.2805588245392,
    "process_features_model_4_pred_0": 10.439436197280884,
    "predict_and_compile_model_4_pred_0": 770.2338433265686,
    "predict_benchmark_model_4_pred_0": 769.0243842601776,
    "process_features_model_5_pred_0": 8.020085096359253,
    "predict_and_compile_model_5_pred_0": 689.5788435935974,
    "predict_benchmark_model_5_pred_0": 689.6328976154327,
    "relax_model_3_pred_0": 55.99556517601013
}