{
    "process_features_model_1_pred_0": 16.28714108467102,
    "predict_and_compile_model_1_pred_0": 159.74932599067688,
    "predict_benchmark_model_1_pred_0": 159.8236231803894,
    "process_features_model_2_pred_0": 15.634929656982422,
    "predict_and_compile_model_2_pred_0": 141.49174189567566,
    "predict_benchmark_model_2_pred_0": 140.8567554950714,
    "process_features_model_3_pred_0": 15.321662902832031,
    "predict_and_compile_model_3_pred_0": 155.2731101512909,
    "predict_benchmark_model_3_pred_0": 154.84854197502136,
    "process_features_model_4_pred_0": 14.610650062561035,
    "predict_and_compile_model_4_pred_0": 155.27314853668213,
    "predict_benchmark_model_4_pred_0": 154.8845818042755,
    "process_features_model_5_pred_0": 13.928436040878296,
    "predict_and_compile_model_5_pred_0": 136.44838666915894,
    "predict_benchmark_model_5_pred_0": 136.70001649856567,
    "relax_model_3_pred_0": 17.066437482833862
}