{
    "plddts": {
        "model_1_pred_0": 64.296197954179,
        "model_2_pred_0": 67.75188905286491,
        "model_3_pred_0": 93.87226021469372,
        "model_4_pred_0": 80.77732219180328,
        "model_5_pred_0": 95.11653690892754
    },
    "order": [
        "model_5_pred_0",
        "model_3_pred_0",
        "model_4_pred_0",
        "model_2_pred_0",
        "model_1_pred_0"
    ]
}