{
    "process_features_model_1_pred_0": 4.305424690246582,
    "predict_and_compile_model_1_pred_0": 195.01864457130432,
    "process_features_model_2_pred_0": 2.4126217365264893,
    "predict_and_compile_model_2_pred_0": 194.44107460975647,
    "process_features_model_3_pred_0": 2.0612359046936035,
    "predict_and_compile_model_3_pred_0": 154.12634873390198,
    "process_features_model_4_pred_0": 2.104471206665039,
    "predict_and_compile_model_4_pred_0": 152.25565123558044,
    "process_features_model_5_pred_0": 2.0740244388580322,
    "predict_and_compile_model_5_pred_0": 149.42109537124634,
    "relax_model_4_pred_0": 6.111499786376953
}