{
    "process_features_model_1_pred_0": 12.041639566421509,
    "predict_and_compile_model_1_pred_0": 343.1720247268677,
    "predict_benchmark_model_1_pred_0": 128.78100609779358,
    "process_features_model_2_pred_0": 10.210899114608765,
    "predict_and_compile_model_2_pred_0": 320.3808789253235,
    "predict_benchmark_model_2_pred_0": 114.1511299610138,
    "process_features_model_3_pred_0": 9.899954080581665,
    "predict_and_compile_model_3_pred_0": 285.1755657196045,
    "predict_benchmark_model_3_pred_0": 124.9404685497284,
    "process_features_model_4_pred_0": 9.906917095184326,
    "predict_and_compile_model_4_pred_0": 273.8369143009186,
    "predict_benchmark_model_4_pred_0": 125.0319311618805,
    "process_features_model_5_pred_0": 9.163666009902954,
    "predict_and_compile_model_5_pred_0": 269.25943088531494,
    "predict_benchmark_model_5_pred_0": 110.57117652893066,
    "relax_model_3_pred_0": 16.148192882537842
}