{
    "process_features_model_1_pred_0": 3.799771547317505,
    "predict_and_compile_model_1_pred_0": 218.34042048454285,
    "predict_benchmark_model_1_pred_0": 29.611860275268555,
    "process_features_model_2_pred_0": 1.999514102935791,
    "predict_and_compile_model_2_pred_0": 214.0031864643097,
    "predict_benchmark_model_2_pred_0": 26.981154680252075,
    "process_features_model_3_pred_0": 1.5492298603057861,
    "predict_and_compile_model_3_pred_0": 179.67044949531555,
    "predict_benchmark_model_3_pred_0": 29.877978801727295,
    "process_features_model_4_pred_0": 1.626387119293213,
    "predict_and_compile_model_4_pred_0": 169.37534761428833,
    "predict_benchmark_model_4_pred_0": 29.807839393615723,
    "process_features_model_5_pred_0": 1.9119462966918945,
    "predict_and_compile_model_5_pred_0": 176.95532417297363,
    "predict_benchmark_model_5_pred_0": 26.797292470932007,
    "relax_model_5_pred_0": 12.152172803878784
}