{
    "process_features_model_1_pred_0": 2.397545576095581,
    "predict_and_compile_model_1_pred_0": 29.830229997634888,
    "predict_benchmark_model_1_pred_0": 29.665637493133545,
    "process_features_model_2_pred_0": 2.054809093475342,
    "predict_and_compile_model_2_pred_0": 26.65825128555298,
    "predict_benchmark_model_2_pred_0": 26.705119848251343,
    "process_features_model_3_pred_0": 1.5489401817321777,
    "predict_and_compile_model_3_pred_0": 29.26484513282776,
    "predict_benchmark_model_3_pred_0": 29.313257455825806,
    "process_features_model_4_pred_0": 1.9230265617370605,
    "predict_and_compile_model_4_pred_0": 29.337684631347656,
    "predict_benchmark_model_4_pred_0": 29.38389253616333,
    "process_features_model_5_pred_0": 1.546452283859253,
    "predict_and_compile_model_5_pred_0": 26.460127353668213,
    "predict_benchmark_model_5_pred_0": 26.423441886901855,
    "relax_model_4_pred_0": 8.255439281463623
}