{
    "process_features_model_1_pred_0": 24.622146129608154,
    "predict_and_compile_model_1_pred_0": 341.18710494041443,
    "predict_benchmark_model_1_pred_0": 341.88872361183167,
    "process_features_model_2_pred_0": 23.990992307662964,
    "predict_and_compile_model_2_pred_0": 303.88117146492004,
    "predict_benchmark_model_2_pred_0": 303.85401916503906,
    "process_features_model_3_pred_0": 23.79627752304077,
    "predict_and_compile_model_3_pred_0": 328.00214743614197,
    "predict_benchmark_model_3_pred_0": 328.049480676651,
    "process_features_model_4_pred_0": 23.246804237365723,
    "predict_and_compile_model_4_pred_0": 328.2007381916046,
    "predict_benchmark_model_4_pred_0": 328.19647693634033,
    "process_features_model_5_pred_0": 23.169099807739258,
    "predict_and_compile_model_5_pred_0": 290.0974295139313,
    "predict_benchmark_model_5_pred_0": 290.25530314445496,
    "relax_model_3_pred_0": 23.38290238380432
}