{
    "process_features_model_1_pred_0": 5.717604875564575,
    "predict_and_compile_model_1_pred_0": 220.55432391166687,
    "predict_benchmark_model_1_pred_0": 36.80600666999817,
    "process_features_model_2_pred_0": 4.525308132171631,
    "predict_and_compile_model_2_pred_0": 218.04932570457458,
    "predict_benchmark_model_2_pred_0": 33.15372920036316,
    "process_features_model_3_pred_0": 3.8574140071868896,
    "predict_and_compile_model_3_pred_0": 183.09678626060486,
    "predict_benchmark_model_3_pred_0": 36.50448179244995,
    "process_features_model_4_pred_0": 5.18983793258667,
    "predict_and_compile_model_4_pred_0": 173.97468090057373,
    "predict_benchmark_model_4_pred_0": 36.502222776412964,
    "process_features_model_5_pred_0": 4.527738809585571,
    "predict_and_compile_model_5_pred_0": 179.86981916427612,
    "predict_benchmark_model_5_pred_0": 32.666391372680664,
    "relax_model_5_pred_0": 10.33837080001831
}