{
    "process_features_model_1_pred_0": 4.771703720092773,
    "predict_and_compile_model_1_pred_0": 212.55840396881104,
    "predict_benchmark_model_1_pred_0": 29.18546724319458,
    "process_features_model_2_pred_0": 3.025655746459961,
    "predict_and_compile_model_2_pred_0": 210.3320324420929,
    "predict_benchmark_model_2_pred_0": 26.472513914108276,
    "process_features_model_3_pred_0": 2.715076208114624,
    "predict_and_compile_model_3_pred_0": 174.77479004859924,
    "predict_benchmark_model_3_pred_0": 29.417673110961914,
    "process_features_model_4_pred_0": 2.7826316356658936,
    "predict_and_compile_model_4_pred_0": 168.02556991577148,
    "predict_benchmark_model_4_pred_0": 29.396889209747314,
    "process_features_model_5_pred_0": 2.6982204914093018,
    "predict_and_compile_model_5_pred_0": 175.9427649974823,
    "predict_benchmark_model_5_pred_0": 26.262749195098877,
    "relax_model_4_pred_0": 9.509334087371826
}