{
    "plddts": {
        "model_1_pred_0": 91.96177208750437,
        "model_2_pred_0": 88.41247152528403,
        "model_3_pred_0": 92.7515630209788,
        "model_4_pred_0": 90.3367672388505,
        "model_5_pred_0": 90.60572132882494
    },
    "order": [
        "model_3_pred_0",
        "model_1_pred_0",
        "model_5_pred_0",
        "model_4_pred_0",
        "model_2_pred_0"
    ]
}