{
    "process_features_model_1": 52.88067078590393,
    "predict_and_compile_model_1": 1438.5096645355225,
    "predict_benchmark_model_1": 1440.1878852844238,
    "relax_model_1": 108.92484784126282
}