{
    "process_features_model_1": 52.699700355529785,
    "predict_and_compile_model_1": 1671.4913363456726,
    "predict_benchmark_model_1": 1439.843512058258,
    "relax_model_1": 83.23729419708252
}