{
    "process_features_model_1_pred_0": 3.5952413082122803,
    "predict_and_compile_model_1_pred_0": 221.01538109779358,
    "predict_benchmark_model_1_pred_0": 40.920788288116455,
    "process_features_model_2_pred_0": 1.9415457248687744,
    "predict_and_compile_model_2_pred_0": 219.68054676055908,
    "predict_benchmark_model_2_pred_0": 36.360294342041016,
    "process_features_model_3_pred_0": 2.144577980041504,
    "predict_and_compile_model_3_pred_0": 184.67932772636414,
    "predict_benchmark_model_3_pred_0": 39.27966117858887,
    "process_features_model_4_pred_0": 1.669767141342163,
    "predict_and_compile_model_4_pred_0": 178.8461513519287,
    "predict_benchmark_model_4_pred_0": 39.24631333351135,
    "process_features_model_5_pred_0": 1.593693733215332,
    "predict_and_compile_model_5_pred_0": 184.31477403640747,
    "predict_benchmark_model_5_pred_0": 35.78372383117676,
    "relax_model_2_pred_0": 13.353726148605347
}