{
    "process_features_model_1_pred_0": 6.4830076694488525,
    "predict_and_compile_model_1_pred_0": 221.63376450538635,
    "predict_benchmark_model_1_pred_0": 36.77845072746277,
    "process_features_model_2_pred_0": 3.9893248081207275,
    "predict_and_compile_model_2_pred_0": 218.18836283683777,
    "predict_benchmark_model_2_pred_0": 33.19357419013977,
    "process_features_model_3_pred_0": 3.6177592277526855,
    "predict_and_compile_model_3_pred_0": 183.40219688415527,
    "predict_benchmark_model_3_pred_0": 36.52604269981384,
    "process_features_model_4_pred_0": 5.330683469772339,
    "predict_and_compile_model_4_pred_0": 173.92554640769958,
    "predict_benchmark_model_4_pred_0": 36.57193374633789,
    "process_features_model_5_pred_0": 4.990306854248047,
    "predict_and_compile_model_5_pred_0": 181.0569624900818,
    "predict_benchmark_model_5_pred_0": 32.71163749694824,
    "relax_model_3_pred_0": 8.831797122955322
}