{
    "process_features_model_1_pred_0": 4.177949905395508,
    "predict_and_compile_model_1_pred_0": 211.90162181854248,
    "process_features_model_2_pred_0": 2.330256223678589,
    "predict_and_compile_model_2_pred_0": 210.3748140335083,
    "process_features_model_3_pred_0": 1.9446358680725098,
    "predict_and_compile_model_3_pred_0": 165.6179974079132,
    "process_features_model_4_pred_0": 1.960458517074585,
    "predict_and_compile_model_4_pred_0": 163.01888418197632,
    "process_features_model_5_pred_0": 2.001081705093384,
    "predict_and_compile_model_5_pred_0": 161.84767127037048,
    "relax_model_3_pred_0": 7.527455568313599
}