{
    "process_features_model_1_pred_0": 3.310619592666626,
    "predict_and_compile_model_1_pred_0": 218.09708905220032,
    "predict_benchmark_model_1_pred_0": 35.53261971473694,
    "process_features_model_2_pred_0": 1.8712992668151855,
    "predict_and_compile_model_2_pred_0": 215.50147199630737,
    "predict_benchmark_model_2_pred_0": 32.34736609458923,
    "process_features_model_3_pred_0": 2.1296980381011963,
    "predict_and_compile_model_3_pred_0": 180.82094550132751,
    "predict_benchmark_model_3_pred_0": 35.321959495544434,
    "process_features_model_4_pred_0": 1.695258378982544,
    "predict_and_compile_model_4_pred_0": 171.38065433502197,
    "predict_benchmark_model_4_pred_0": 35.27367877960205,
    "process_features_model_5_pred_0": 1.7345373630523682,
    "predict_and_compile_model_5_pred_0": 179.77210974693298,
    "predict_benchmark_model_5_pred_0": 31.845508575439453,
    "relax_model_4_pred_0": 11.146682262420654
}