{
    "process_features_model_1": 8.25040078163147,
    "predict_and_compile_model_1": 334.2013509273529,
    "predict_benchmark_model_1": 126.04678845405579,
    "relax_model_1": 17.596439123153687
}