{
    "process_features_model_1_pred_0": 4.511088609695435,
    "predict_and_compile_model_1_pred_0": 217.33418464660645,
    "predict_benchmark_model_1_pred_0": 35.27891683578491,
    "process_features_model_2_pred_0": 2.63607120513916,
    "predict_and_compile_model_2_pred_0": 215.9721221923828,
    "predict_benchmark_model_2_pred_0": 32.156919956207275,
    "process_features_model_3_pred_0": 1.503298044204712,
    "predict_and_compile_model_3_pred_0": 181.51538848876953,
    "predict_benchmark_model_3_pred_0": 35.11834454536438,
    "process_features_model_4_pred_0": 1.6616089344024658,
    "predict_and_compile_model_4_pred_0": 174.51570653915405,
    "predict_benchmark_model_4_pred_0": 35.1231746673584,
    "process_features_model_5_pred_0": 1.5800740718841553,
    "predict_and_compile_model_5_pred_0": 179.30093264579773,
    "predict_benchmark_model_5_pred_0": 31.688516855239868,
    "relax_model_3_pred_0": 9.898386478424072
}