{
    "process_features_model_1_pred_0": 2.113210678100586,
    "predict_and_compile_model_1_pred_0": 36.98800730705261,
    "predict_benchmark_model_1_pred_0": 36.52117156982422,
    "process_features_model_2_pred_0": 2.0296571254730225,
    "predict_and_compile_model_2_pred_0": 33.08055877685547,
    "predict_benchmark_model_2_pred_0": 33.12250232696533,
    "process_features_model_3_pred_0": 1.8582048416137695,
    "predict_and_compile_model_3_pred_0": 36.036797761917114,
    "predict_benchmark_model_3_pred_0": 36.101319313049316,
    "process_features_model_4_pred_0": 1.5538737773895264,
    "predict_and_compile_model_4_pred_0": 35.976409912109375,
    "predict_benchmark_model_4_pred_0": 36.00985860824585,
    "process_features_model_5_pred_0": 1.5163023471832275,
    "predict_and_compile_model_5_pred_0": 32.57776474952698,
    "predict_benchmark_model_5_pred_0": 32.553866147994995,
    "relax_model_3_pred_0": 9.842729806900024
}