{
    "plddts": {
        "model_1_pred_0": 65.14403790079253,
        "model_2_pred_0": 58.297917591023825,
        "model_3_pred_0": 65.66174609740486,
        "model_4_pred_0": 57.93936629293314,
        "model_5_pred_0": 67.81001560323067
    },
    "order": [
        "model_5_pred_0",
        "model_3_pred_0",
        "model_1_pred_0",
        "model_2_pred_0",
        "model_4_pred_0"
    ]
}