{
    "process_features_model_1_pred_0": 4.127331018447876,
    "predict_and_compile_model_1_pred_0": 162.8726291656494,
    "process_features_model_2_pred_0": 2.2317490577697754,
    "predict_and_compile_model_2_pred_0": 163.12174892425537,
    "process_features_model_3_pred_0": 1.839745283126831,
    "predict_and_compile_model_3_pred_0": 128.1020770072937,
    "process_features_model_4_pred_0": 1.918985366821289,
    "predict_and_compile_model_4_pred_0": 125.99486565589905,
    "process_features_model_5_pred_0": 1.845470905303955,
    "predict_and_compile_model_5_pred_0": 125.01080393791199,
    "relax_model_5_pred_0": 8.603229761123657
}