{
    "process_features_model_1_pred_0": 2.6046061515808105,
    "predict_and_compile_model_1_pred_0": 29.956308126449585,
    "predict_benchmark_model_1_pred_0": 29.889114379882812,
    "process_features_model_2_pred_0": 2.3254892826080322,
    "predict_and_compile_model_2_pred_0": 26.774948358535767,
    "predict_benchmark_model_2_pred_0": 26.83826732635498,
    "process_features_model_3_pred_0": 1.8512461185455322,
    "predict_and_compile_model_3_pred_0": 29.565031051635742,
    "predict_benchmark_model_3_pred_0": 29.537272214889526,
    "process_features_model_4_pred_0": 2.262059211730957,
    "predict_and_compile_model_4_pred_0": 29.61648678779602,
    "predict_benchmark_model_4_pred_0": 29.596933603286743,
    "process_features_model_5_pred_0": 1.832651138305664,
    "predict_and_compile_model_5_pred_0": 26.611774921417236,
    "predict_benchmark_model_5_pred_0": 26.545578956604004,
    "relax_model_4_pred_0": 6.432797908782959
}