{
    "process_features_model_1_pred_0": 4.142586946487427,
    "predict_and_compile_model_1_pred_0": 194.5899360179901,
    "process_features_model_2_pred_0": 2.2731597423553467,
    "predict_and_compile_model_2_pred_0": 195.65060448646545,
    "process_features_model_3_pred_0": 1.8682076930999756,
    "predict_and_compile_model_3_pred_0": 154.03065752983093,
    "process_features_model_4_pred_0": 1.8948097229003906,
    "predict_and_compile_model_4_pred_0": 151.4061667919159,
    "process_features_model_5_pred_0": 1.9024009704589844,
    "predict_and_compile_model_5_pred_0": 151.08901643753052,
    "relax_model_2_pred_0": 6.540444850921631
}