{
    "process_features_model_1": 22.69811773300171,
    "predict_and_compile_model_1": 1660.1967403888702,
    "predict_benchmark_model_1": 1475.3101844787598,
    "relax_model_1": 42.78044271469116
}