{
    "process_features_model_1_pred_0": 3.2806406021118164,
    "predict_and_compile_model_1_pred_0": 213.78079199790955,
    "predict_benchmark_model_1_pred_0": 28.432435512542725,
    "process_features_model_2_pred_0": 1.9108951091766357,
    "predict_and_compile_model_2_pred_0": 215.63150668144226,
    "predict_benchmark_model_2_pred_0": 25.866788387298584,
    "process_features_model_3_pred_0": 2.111060619354248,
    "predict_and_compile_model_3_pred_0": 179.83592629432678,
    "predict_benchmark_model_3_pred_0": 28.580824613571167,
    "process_features_model_4_pred_0": 1.6972978115081787,
    "predict_and_compile_model_4_pred_0": 170.82612919807434,
    "predict_benchmark_model_4_pred_0": 28.660011053085327,
    "process_features_model_5_pred_0": 1.5690739154815674,
    "predict_and_compile_model_5_pred_0": 177.01491117477417,
    "predict_benchmark_model_5_pred_0": 25.755727767944336,
    "relax_model_4_pred_0": 10.976986169815063
}