{
    "process_features_model_1_pred_0": 4.073780298233032,
    "predict_and_compile_model_1_pred_0": 200.15112709999084,
    "process_features_model_2_pred_0": 2.222072124481201,
    "predict_and_compile_model_2_pred_0": 192.6749348640442,
    "process_features_model_3_pred_0": 1.8219194412231445,
    "predict_and_compile_model_3_pred_0": 160.98548483848572,
    "process_features_model_4_pred_0": 1.9996929168701172,
    "predict_and_compile_model_4_pred_0": 156.5980532169342,
    "process_features_model_5_pred_0": 1.8734853267669678,
    "predict_and_compile_model_5_pred_0": 154.3087055683136,
    "relax_model_2_pred_0": 11.374149560928345
}