{
    "plddts": {
        "model_1_pred_0": 87.87438927000329,
        "model_2_pred_0": 87.76899122215201,
        "model_3_pred_0": 86.23645846543867,
        "model_4_pred_0": 84.7018765532318,
        "model_5_pred_0": 86.641039236956
    },
    "order": [
        "model_1_pred_0",
        "model_2_pred_0",
        "model_5_pred_0",
        "model_3_pred_0",
        "model_4_pred_0"
    ]
}