{
    "process_features_model_1_pred_0": 2.6123273372650146,
    "predict_and_compile_model_1_pred_0": 11.489803075790405,
    "predict_benchmark_model_1_pred_0": 11.470202922821045,
    "process_features_model_2_pred_0": 2.39190936088562,
    "predict_and_compile_model_2_pred_0": 9.321767330169678,
    "predict_benchmark_model_2_pred_0": 9.319180965423584,
    "process_features_model_3_pred_0": 1.764793872833252,
    "predict_and_compile_model_3_pred_0": 11.325921535491943,
    "predict_benchmark_model_3_pred_0": 11.314662456512451,
    "process_features_model_4_pred_0": 1.7430956363677979,
    "predict_and_compile_model_4_pred_0": 11.358747720718384,
    "predict_benchmark_model_4_pred_0": 11.377095222473145,
    "process_features_model_5_pred_0": 2.4312219619750977,
    "predict_and_compile_model_5_pred_0": 9.22823691368103,
    "predict_benchmark_model_5_pred_0": 9.23300290107727,
    "relax_model_3_pred_0": 3.226590394973755
}