{
    "process_features_model_1_pred_0": 2.6506659984588623,
    "predict_and_compile_model_1_pred_0": 198.52805399894714,
    "predict_benchmark_model_1_pred_0": 18.69185447692871,
    "process_features_model_2_pred_0": 2.64601731300354,
    "predict_and_compile_model_2_pred_0": 185.18103432655334,
    "predict_benchmark_model_2_pred_0": 16.15567398071289,
    "process_features_model_3_pred_0": 2.134913444519043,
    "predict_and_compile_model_3_pred_0": 141.7982828617096,
    "predict_benchmark_model_3_pred_0": 18.48590350151062,
    "process_features_model_4_pred_0": 2.276726722717285,
    "predict_and_compile_model_4_pred_0": 142.84631061553955,
    "predict_benchmark_model_4_pred_0": 18.542229413986206,
    "process_features_model_5_pred_0": 2.3078157901763916,
    "predict_and_compile_model_5_pred_0": 143.47331547737122,
    "predict_benchmark_model_5_pred_0": 15.964096307754517,
    "relax_model_4_pred_0": 7.124622106552124
}