{
    "process_features_model_1_pred_0": 2.771005392074585,
    "predict_and_compile_model_1_pred_0": 37.10341262817383,
    "predict_benchmark_model_1_pred_0": 36.985408544540405,
    "process_features_model_2_pred_0": 3.0001490116119385,
    "predict_and_compile_model_2_pred_0": 33.25350618362427,
    "predict_benchmark_model_2_pred_0": 33.29713249206543,
    "process_features_model_3_pred_0": 2.274075746536255,
    "predict_and_compile_model_3_pred_0": 36.37894320487976,
    "predict_benchmark_model_3_pred_0": 36.370786905288696,
    "process_features_model_4_pred_0": 2.289475917816162,
    "predict_and_compile_model_4_pred_0": 36.46081471443176,
    "predict_benchmark_model_4_pred_0": 36.38401675224304,
    "process_features_model_5_pred_0": 2.2209699153900146,
    "predict_and_compile_model_5_pred_0": 32.78552722930908,
    "predict_benchmark_model_5_pred_0": 32.76974678039551,
    "relax_model_3_pred_0": 7.320428848266602
}