{
    "process_features_model_1_pred_0": 2.0830230712890625,
    "predict_and_compile_model_1_pred_0": 36.05153012275696,
    "predict_benchmark_model_1_pred_0": 35.74340510368347,
    "process_features_model_2_pred_0": 2.3639419078826904,
    "predict_and_compile_model_2_pred_0": 32.44224166870117,
    "predict_benchmark_model_2_pred_0": 32.44257569313049,
    "process_features_model_3_pred_0": 1.5054891109466553,
    "predict_and_compile_model_3_pred_0": 35.23443794250488,
    "predict_benchmark_model_3_pred_0": 35.23107075691223,
    "process_features_model_4_pred_0": 1.5168969631195068,
    "predict_and_compile_model_4_pred_0": 35.25450897216797,
    "predict_benchmark_model_4_pred_0": 35.26525664329529,
    "process_features_model_5_pred_0": 1.4741196632385254,
    "predict_and_compile_model_5_pred_0": 31.86880874633789,
    "predict_benchmark_model_5_pred_0": 31.868605613708496,
    "relax_model_4_pred_0": 7.934408664703369
}