{
    "plddts": {
        "model_1_pred_0": 68.13743682661347,
        "model_2_pred_0": 71.61231893161768,
        "model_3_pred_0": 67.38356612101008,
        "model_4_pred_0": 77.05996027595623,
        "model_5_pred_0": 70.90032202619304
    },
    "order": [
        "model_4_pred_0",
        "model_2_pred_0",
        "model_5_pred_0",
        "model_1_pred_0",
        "model_3_pred_0"
    ]
}