{
    "process_features_model_1_pred_0": 4.154342174530029,
    "predict_and_compile_model_1_pred_0": 162.2589728832245,
    "process_features_model_2_pred_0": 2.1896560192108154,
    "predict_and_compile_model_2_pred_0": 162.27225399017334,
    "process_features_model_3_pred_0": 1.7398958206176758,
    "predict_and_compile_model_3_pred_0": 126.17697477340698,
    "process_features_model_4_pred_0": 1.7657763957977295,
    "predict_and_compile_model_4_pred_0": 124.47684645652771,
    "process_features_model_5_pred_0": 1.8955421447753906,
    "predict_and_compile_model_5_pred_0": 124.08442687988281,
    "relax_model_4_pred_0": 4.818719387054443
}