{
    "plddts": {
        "model_1_pred_0": 97.21062660701827,
        "model_2_pred_0": 97.16560387470832,
        "model_3_pred_0": 97.29987424508488,
        "model_4_pred_0": 97.27503910656398,
        "model_5_pred_0": 97.50297123447797
    },
    "order": [
        "model_5_pred_0",
        "model_3_pred_0",
        "model_4_pred_0",
        "model_1_pred_0",
        "model_2_pred_0"
    ]
}