{
    "plddts": {
        "model_1_pred_0": 96.79719431968587,
        "model_2_pred_0": 96.87825824706704,
        "model_3_pred_0": 97.33436625378543,
        "model_4_pred_0": 97.1038666589531,
        "model_5_pred_0": 97.0116814863271
    },
    "order": [
        "model_3_pred_0",
        "model_4_pred_0",
        "model_5_pred_0",
        "model_2_pred_0",
        "model_1_pred_0"
    ]
}