{
    "process_features_model_1_pred_0": 3.2289340496063232,
    "predict_and_compile_model_1_pred_0": 174.0286409854889,
    "predict_benchmark_model_1_pred_0": 40.50069713592529,
    "process_features_model_2_pred_0": 1.9034392833709717,
    "predict_and_compile_model_2_pred_0": 173.14161586761475,
    "predict_benchmark_model_2_pred_0": 36.19350242614746,
    "process_features_model_3_pred_0": 1.4987046718597412,
    "predict_and_compile_model_3_pred_0": 142.78137683868408,
    "predict_benchmark_model_3_pred_0": 39.18882989883423,
    "process_features_model_4_pred_0": 1.641376256942749,
    "predict_and_compile_model_4_pred_0": 140.79164242744446,
    "predict_benchmark_model_4_pred_0": 39.22581481933594,
    "process_features_model_5_pred_0": 1.6183180809020996,
    "predict_and_compile_model_5_pred_0": 140.3388020992279,
    "predict_benchmark_model_5_pred_0": 35.58621311187744,
    "relax_model_1_pred_0": 9.51911187171936
}