{
    "process_features_model_1_pred_0": 2.024977445602417,
    "predict_and_compile_model_1_pred_0": 41.462130069732666,
    "predict_benchmark_model_1_pred_0": 41.13215732574463,
    "process_features_model_2_pred_0": 1.9334838390350342,
    "predict_and_compile_model_2_pred_0": 37.24921655654907,
    "predict_benchmark_model_2_pred_0": 37.232609033584595,
    "process_features_model_3_pred_0": 1.4900877475738525,
    "predict_and_compile_model_3_pred_0": 40.4486198425293,
    "predict_benchmark_model_3_pred_0": 40.38335180282593,
    "process_features_model_4_pred_0": 1.8404724597930908,
    "predict_and_compile_model_4_pred_0": 40.55687212944031,
    "predict_benchmark_model_4_pred_0": 40.420363903045654,
    "process_features_model_5_pred_0": 1.5093717575073242,
    "predict_and_compile_model_5_pred_0": 36.65513753890991,
    "predict_benchmark_model_5_pred_0": 36.63580012321472,
    "relax_model_3_pred_0": 7.172329902648926
}