{
    "process_features_model_1_pred_0": 3.792619466781616,
    "predict_and_compile_model_1_pred_0": 231.2622673511505,
    "predict_benchmark_model_1_pred_0": 32.400686502456665,
    "process_features_model_2_pred_0": 3.081378221511841,
    "predict_and_compile_model_2_pred_0": 228.64522886276245,
    "predict_benchmark_model_2_pred_0": 29.041555643081665,
    "process_features_model_3_pred_0": 2.815861225128174,
    "predict_and_compile_model_3_pred_0": 186.72476887702942,
    "predict_benchmark_model_3_pred_0": 30.98226809501648,
    "process_features_model_4_pred_0": 2.047541379928589,
    "predict_and_compile_model_4_pred_0": 177.12426280975342,
    "predict_benchmark_model_4_pred_0": 32.37953162193298,
    "process_features_model_5_pred_0": 2.7582390308380127,
    "predict_and_compile_model_5_pred_0": 184.09716033935547,
    "predict_benchmark_model_5_pred_0": 28.858339071273804,
    "relax_model_3_pred_0": 10.522777557373047
}