{
    "process_features_model_1_pred_0": 4.939557313919067,
    "predict_and_compile_model_1_pred_0": 229.70865893363953,
    "predict_benchmark_model_1_pred_0": 33.62761449813843,
    "process_features_model_2_pred_0": 2.0516128540039062,
    "predict_and_compile_model_2_pred_0": 228.83024501800537,
    "predict_benchmark_model_2_pred_0": 29.760239362716675,
    "process_features_model_3_pred_0": 1.6619319915771484,
    "predict_and_compile_model_3_pred_0": 188.16458439826965,
    "predict_benchmark_model_3_pred_0": 32.6463189125061,
    "process_features_model_4_pred_0": 1.692415475845337,
    "predict_and_compile_model_4_pred_0": 178.36073756217957,
    "predict_benchmark_model_4_pred_0": 32.67572379112244,
    "process_features_model_5_pred_0": 1.6615829467773438,
    "predict_and_compile_model_5_pred_0": 185.90606260299683,
    "predict_benchmark_model_5_pred_0": 29.542677402496338,
    "relax_model_3_pred_0": 9.532397985458374
}