{
    "process_features_model_1_pred_0": 3.2462809085845947,
    "predict_and_compile_model_1_pred_0": 33.6158173084259,
    "predict_benchmark_model_1_pred_0": 33.45891618728638,
    "process_features_model_2_pred_0": 4.336833953857422,
    "predict_and_compile_model_2_pred_0": 29.723230838775635,
    "predict_benchmark_model_2_pred_0": 29.887221574783325,
    "process_features_model_3_pred_0": 3.411980152130127,
    "predict_and_compile_model_3_pred_0": 32.88014197349548,
    "predict_benchmark_model_3_pred_0": 32.86677694320679,
    "process_features_model_4_pred_0": 2.52665114402771,
    "predict_and_compile_model_4_pred_0": 32.87305283546448,
    "predict_benchmark_model_4_pred_0": 32.8975989818573,
    "process_features_model_5_pred_0": 2.633164167404175,
    "predict_and_compile_model_5_pred_0": 29.491370677947998,
    "predict_benchmark_model_5_pred_0": 29.461271286010742,
    "relax_model_4_pred_0": 7.138843774795532
}