{
    "process_features_model_1_pred_0": 4.903931617736816,
    "predict_and_compile_model_1_pred_0": 30.564355850219727,
    "predict_benchmark_model_1_pred_0": 30.866113424301147,
    "process_features_model_2_pred_0": 3.9260671138763428,
    "predict_and_compile_model_2_pred_0": 27.27340602874756,
    "predict_benchmark_model_2_pred_0": 27.462255477905273,
    "process_features_model_3_pred_0": 3.2248213291168213,
    "predict_and_compile_model_3_pred_0": 30.242624521255493,
    "predict_benchmark_model_3_pred_0": 30.263394355773926,
    "process_features_model_4_pred_0": 3.6398379802703857,
    "predict_and_compile_model_4_pred_0": 30.337836265563965,
    "predict_benchmark_model_4_pred_0": 30.234991312026978,
    "process_features_model_5_pred_0": 4.047322034835815,
    "predict_and_compile_model_5_pred_0": 27.1256844997406,
    "predict_benchmark_model_5_pred_0": 27.181450843811035,
    "relax_model_4_pred_0": 8.052036762237549
}