{
    "process_features_model_1": 22.551658153533936,
    "predict_and_compile_model_1": 1662.5613803863525,
    "predict_benchmark_model_1": 1483.1010398864746,
    "relax_model_1": 49.3327317237854
}