{
    "process_features_model_1_pred_0": 1.9298644065856934,
    "predict_and_compile_model_1_pred_0": 32.73734664916992,
    "predict_benchmark_model_1_pred_0": 32.55026960372925,
    "process_features_model_2_pred_0": 2.1417019367218018,
    "predict_and_compile_model_2_pred_0": 29.195255279541016,
    "predict_benchmark_model_2_pred_0": 29.19152545928955,
    "process_features_model_3_pred_0": 1.5046014785766602,
    "predict_and_compile_model_3_pred_0": 31.945520401000977,
    "predict_benchmark_model_3_pred_0": 32.03436017036438,
    "process_features_model_4_pred_0": 1.4787960052490234,
    "predict_and_compile_model_4_pred_0": 32.01563334465027,
    "predict_benchmark_model_4_pred_0": 32.022698163986206,
    "process_features_model_5_pred_0": 1.4481239318847656,
    "predict_and_compile_model_5_pred_0": 28.848448276519775,
    "predict_benchmark_model_5_pred_0": 28.902753829956055,
    "relax_model_3_pred_0": 7.034639596939087
}