{
    "process_features_model_1_pred_0": 2.0435009002685547,
    "predict_and_compile_model_1_pred_0": 32.76689791679382,
    "predict_benchmark_model_1_pred_0": 32.656392097473145,
    "process_features_model_2_pred_0": 1.9891479015350342,
    "predict_and_compile_model_2_pred_0": 29.182810068130493,
    "predict_benchmark_model_2_pred_0": 29.213435411453247,
    "process_features_model_3_pred_0": 1.8356478214263916,
    "predict_and_compile_model_3_pred_0": 32.13184309005737,
    "predict_benchmark_model_3_pred_0": 32.111478090286255,
    "process_features_model_4_pred_0": 1.581974744796753,
    "predict_and_compile_model_4_pred_0": 32.089136838912964,
    "predict_benchmark_model_4_pred_0": 32.11786150932312,
    "process_features_model_5_pred_0": 1.623971939086914,
    "predict_and_compile_model_5_pred_0": 28.895130157470703,
    "predict_benchmark_model_5_pred_0": 28.885705947875977,
    "relax_model_4_pred_0": 6.926759958267212
}