{
    "plddts": {
        "model_1_pred_0": 93.66696110801895,
        "model_2_pred_0": 93.62089284086291,
        "model_3_pred_0": 94.71615727482059,
        "model_4_pred_0": 94.53411942213955,
        "model_5_pred_0": 94.3725590711091
    },
    "order": [
        "model_3_pred_0",
        "model_4_pred_0",
        "model_5_pred_0",
        "model_1_pred_0",
        "model_2_pred_0"
    ]
}