{
    "process_features_model_1_pred_0": 4.171040058135986,
    "predict_and_compile_model_1_pred_0": 202.34612774848938,
    "process_features_model_2_pred_0": 2.308565616607666,
    "predict_and_compile_model_2_pred_0": 197.78980374336243,
    "process_features_model_3_pred_0": 1.913370132446289,
    "predict_and_compile_model_3_pred_0": 157.6679003238678,
    "process_features_model_4_pred_0": 1.9508187770843506,
    "predict_and_compile_model_4_pred_0": 157.7092034816742,
    "process_features_model_5_pred_0": 1.9863457679748535,
    "predict_and_compile_model_5_pred_0": 155.82050943374634,
    "relax_model_3_pred_0": 8.28960633277893
}