{
    "process_features_model_1_pred_0": 4.056739091873169,
    "predict_and_compile_model_1_pred_0": 181.1086299419403,
    "process_features_model_2_pred_0": 3.843445301055908,
    "predict_and_compile_model_2_pred_0": 181.58674025535583,
    "process_features_model_3_pred_0": 1.7880933284759521,
    "predict_and_compile_model_3_pred_0": 139.6369652748108,
    "process_features_model_4_pred_0": 1.888986587524414,
    "predict_and_compile_model_4_pred_0": 142.04703760147095,
    "process_features_model_5_pred_0": 1.7757651805877686,
    "predict_and_compile_model_5_pred_0": 140.211261510849,
    "relax_model_3_pred_0": 5.2565295696258545
}