{
    "process_features_model_1_pred_0": 4.092031955718994,
    "predict_and_compile_model_1_pred_0": 184.3297610282898,
    "process_features_model_2_pred_0": 2.3181488513946533,
    "predict_and_compile_model_2_pred_0": 184.79950881004333,
    "process_features_model_3_pred_0": 1.8546996116638184,
    "predict_and_compile_model_3_pred_0": 149.35337257385254,
    "process_features_model_4_pred_0": 1.9192512035369873,
    "predict_and_compile_model_4_pred_0": 147.98857498168945,
    "process_features_model_5_pred_0": 1.9315564632415771,
    "predict_and_compile_model_5_pred_0": 142.61044836044312,
    "relax_model_4_pred_0": 6.619616985321045
}