{
    "process_features_model_1_pred_0": 7.570849418640137,
    "predict_and_compile_model_1_pred_0": 262.9159941673279,
    "process_features_model_2_pred_0": 5.597207546234131,
    "predict_and_compile_model_2_pred_0": 246.04995727539062,
    "process_features_model_3_pred_0": 6.7706897258758545,
    "predict_and_compile_model_3_pred_0": 209.72527742385864,
    "process_features_model_4_pred_0": 6.714204549789429,
    "predict_and_compile_model_4_pred_0": 208.9398365020752,
    "process_features_model_5_pred_0": 6.776678800582886,
    "predict_and_compile_model_5_pred_0": 205.72978901863098,
    "relax_model_3_pred_0": 17.953601598739624
}