{
    "plddts": {
        "model_1_pred_0": 74.9487972087387,
        "model_2_pred_0": 73.63382193563719,
        "model_3_pred_0": 75.09870770772874,
        "model_4_pred_0": 77.04425700336105,
        "model_5_pred_0": 73.43813748748336
    },
    "order": [
        "model_4_pred_0",
        "model_3_pred_0",
        "model_1_pred_0",
        "model_2_pred_0",
        "model_5_pred_0"
    ]
}