{
    "plddts": {
        "model_1_pred_0": 69.37115376373399,
        "model_2_pred_0": 62.98280004040425,
        "model_3_pred_0": 77.00116792485771,
        "model_4_pred_0": 60.66318844769761,
        "model_5_pred_0": 68.07201256542476
    },
    "order": [
        "model_3_pred_0",
        "model_1_pred_0",
        "model_5_pred_0",
        "model_2_pred_0",
        "model_4_pred_0"
    ]
}