{
    "process_features_model_1_pred_0": 5.518688917160034,
    "predict_and_compile_model_1_pred_0": 229.73147201538086,
    "predict_benchmark_model_1_pred_0": 31.79400610923767,
    "process_features_model_2_pred_0": 3.4156429767608643,
    "predict_and_compile_model_2_pred_0": 229.15474605560303,
    "predict_benchmark_model_2_pred_0": 28.742172718048096,
    "process_features_model_3_pred_0": 3.420011043548584,
    "predict_and_compile_model_3_pred_0": 189.16343426704407,
    "predict_benchmark_model_3_pred_0": 31.98029065132141,
    "process_features_model_4_pred_0": 2.1696479320526123,
    "predict_and_compile_model_4_pred_0": 180.55268454551697,
    "predict_benchmark_model_4_pred_0": 32.04718613624573,
    "process_features_model_5_pred_0": 2.1619255542755127,
    "predict_and_compile_model_5_pred_0": 190.606849193573,
    "predict_benchmark_model_5_pred_0": 28.645764350891113,
    "relax_model_3_pred_0": 10.192707777023315
}